prototype_index,closest_text
0,"""i began to have heavy periods when i was very young, it was a nightmare to manage at school, because i had to sit through classes for a whole hour and afterwards would have to carefully waddle to the bathroom to change my pad! the first medication the doctors gave was the pill, a year on that and i had gained 1.5 stone and the periods were still too heavy. i came off the pill, lost the weight and began to take tranexamic acid. i think i have been using it for around 4 years now. i take 2 tablets 3 times a day for the first 3/4 days of my period. the change in flow is dramatic and i really couldn't manage without them :)"""
1,"""pros
-completely clear skin after 4 months 
-during treatment my hair got much less greasy and barely needed washing. however this stopped after i finished my course

cons
-dry skin everywhere, although was manageable with a lot of moisturiser and lip balm
-eczema on arms, back of knees, and hands
-severe back pain lasting the whole duration of the course, couldn't be helped by physiotherapy
-(the worst side effect) irritable bowel syndrome. severe pain while passing stools (to the extent of crying), constipation and blood when i wiped. was severely debilitating and made me afraid of going to the loo for 4 months

summary 
- despite the awful side effects, i do not at all regret taking roaccutane even though i only had mild-moderate acne"""
2,"""about 5 years ago my doctor prescribed amerge and i have used it ever since.  i have been a migraine sufferer for the past 15 years and this is the medication that works the best for me.  2 years ago my health insurance decided to no longer cover the medication and i had to try to find another.  it was awful.  i did not realize how much more effective amerge was than the other medicines.  i highly recommend this product."""
3,"""pros
-completely clear skin after 4 months 
-during treatment my hair got much less greasy and barely needed washing. however this stopped after i finished my course

cons
-dry skin everywhere, although was manageable with a lot of moisturiser and lip balm
-eczema on arms, back of knees, and hands
-severe back pain lasting the whole duration of the course, couldn't be helped by physiotherapy
-(the worst side effect) irritable bowel syndrome. severe pain while passing stools (to the extent of crying), constipation and blood when i wiped. was severely debilitating and made me afraid of going to the loo for 4 months

summary 
- despite the awful side effects, i do not at all regret taking roaccutane even though i only had mild-moderate acne"""
4,"""i switched from microgestin fe 20, which was good, but my body got used to it and i started getting abnormal periods. 
switched to this, did not gain weight, so far it's been a smooth transition. the only thing that i do not like is that i get a lot of nausea while i'm on my period. i hope with time it'll go away. other than that it's a good form of bc."""
5,"""i am 61 years old, diagnosed high blood pressure when 18 years old.  i was 6'1""  when 18 and weighed 175, 29"" pant size with 44 coat size.  have taken drugs for over 40 years trying to keep blood pressure in the 150 over 100 range. (vasotec, lotril, and others).  started  azor (lowest dose available), 2 years ago and have never had a  reading over 120/80!  no side effects for me and i feel great."""
6,"""i am 61 years old, diagnosed high blood pressure when 18 years old.  i was 6'1""  when 18 and weighed 175, 29"" pant size with 44 coat size.  have taken drugs for over 40 years trying to keep blood pressure in the 150 over 100 range. (vasotec, lotril, and others).  started  azor (lowest dose available), 2 years ago and have never had a  reading over 120/80!  no side effects for me and i feel great."""
7,"""""a mild increase of vaginal burning, itching, or irritation may occur-."" first off let me tell you that this statement is complete rubbish. never have i felt the flames of hades in my nether regions before, nor the horrific itch of a mosquito plague accompanying it. i read that the itching subsides as the treatment wears on so i will tough it out. however that does not stop my desire to punch the creators in the face."""
8,"""i hear a lot of people saying the same thing about this being sort of like a miracle drug that is what my psychiatrist and dr call to.
 it is quite amazing how you can be going through a full blown panic anxiety attack and just not too long after taking xanax. it's like night and day.
 it's definitely good to have one of these on hand if you suffer from anxiety or panic disorder. sometimes just knowing i have it and helps me. anyway 10 out of 10 very addictive but definitely works. as long as you're not popping them every couple hours i think most people on here will find that it works great.."""
9,"""i've been on loestrin 24 fe for 10 months. so far...
- no weight gain 
- light periods (2-3 days), occasionally no period
- fewer acne
- decreased my sex drive a little (i had crazy sex drive, so it's a good thing to me)
- does its job when it comes to protection, no pregnancy. 
- no mood swing

sometimes it takes a bit of work to find a pill that will work with your body. in my case, loestrin 24fe works fine with me. i'm a very petite person that's about 4'11 and 90 lb."""
10,"""i hear a lot of people saying the same thing about this being sort of like a miracle drug that is what my psychiatrist and dr call to.
 it is quite amazing how you can be going through a full blown panic anxiety attack and just not too long after taking xanax. it's like night and day.
 it's definitely good to have one of these on hand if you suffer from anxiety or panic disorder. sometimes just knowing i have it and helps me. anyway 10 out of 10 very addictive but definitely works. as long as you're not popping them every couple hours i think most people on here will find that it works great.."""
11,"""i switched from microgestin fe 20, which was good, but my body got used to it and i started getting abnormal periods. 
switched to this, did not gain weight, so far it's been a smooth transition. the only thing that i do not like is that i get a lot of nausea while i'm on my period. i hope with time it'll go away. other than that it's a good form of bc."""
12,"""sertraline is the best thing to help anxiety i’ve suffered for 10 years without knowing i had anxiety i would buy all different kind of over the counter medication and herman remedy’s and nothing worked thought i had ibs i didn’t, then i  thought i had a brain tumour with all headaches and i didn’t. my anxiety and stress made me worry more about my health until i went doctors they prescribed sertraline. i’ve only been taking them a month and while the first 2 weeks was horrible while they got into my system i feel the best i’ve ever felt.  i have more energy, less headaches, minimal worry about every day things. sertraline is fantastic. i’m on 100mg and feel great. if anyone who has anxiety i strongly recommend that that try this medication"""
13,"""pros
-completely clear skin after 4 months 
-during treatment my hair got much less greasy and barely needed washing. however this stopped after i finished my course

cons
-dry skin everywhere, although was manageable with a lot of moisturiser and lip balm
-eczema on arms, back of knees, and hands
-severe back pain lasting the whole duration of the course, couldn't be helped by physiotherapy
-(the worst side effect) irritable bowel syndrome. severe pain while passing stools (to the extent of crying), constipation and blood when i wiped. was severely debilitating and made me afraid of going to the loo for 4 months

summary 
- despite the awful side effects, i do not at all regret taking roaccutane even though i only had mild-moderate acne"""
14,"""pros
-completely clear skin after 4 months 
-during treatment my hair got much less greasy and barely needed washing. however this stopped after i finished my course

cons
-dry skin everywhere, although was manageable with a lot of moisturiser and lip balm
-eczema on arms, back of knees, and hands
-severe back pain lasting the whole duration of the course, couldn't be helped by physiotherapy
-(the worst side effect) irritable bowel syndrome. severe pain while passing stools (to the extent of crying), constipation and blood when i wiped. was severely debilitating and made me afraid of going to the loo for 4 months

summary 
- despite the awful side effects, i do not at all regret taking roaccutane even though i only had mild-moderate acne"""
15,"""got my inserted bout 10 years ago !! worked magic for me! no problems no pain period flow normally . and yes i will leave it there for another 3-4 more years. totalling 13-14 years."""
16,"""i got this about 2 weeks ago, and it works amazingly. my acne is completely gone. only thing is if you miss a treatment your acne will come back right away. you have to be very committed"""
17,"""took this for cough last night and made my stomach hurt almost instantly then woke up to horrible loose stools and stomach cramps it has been 24 hours and i am still in pain. it may have helped the cough slightly but this is way worse!"""
18,"""day 4.
i have already noticed changes.
pros:
- no desire to cry
- clear headed thought process
- no mood swings/feel balanced(have not had any mood swings since day 2. i usually had them like 4x within an hr)
- no angry outbursts or negative/hurtful comments towards people
- decrease in paranoia
- no longer feeling personally attacked by others
cons:
- trouble sleeping 
- teensy bit jittery 
- itchy(not much)
- definitely nauseous 
- trouble passing stool but not constipated 
- slight lightheadedness/ dizziness 
this is only day4 going on 5 so i am thinking my brain&body need time to adjust &balance out. so far i feel mentally, so much better. in control,i would say. only odd thing i noticed was random laughing. but hey i'm not complaining!"""
19,"""astelin is the only prescription antihistamine nasal spray approved to treat symptoms caused by both seasonal allergens and environmental irritants.


astelin provides relief from bothersome nasal symptoms such as congestion, itchy/runny nose, sneezing and postnasal drip due to seasonal allergens or environmental irritants.

astelin is steroid-free and does not contain pseudoephedrine."""
20,"""astelin is the only prescription antihistamine nasal spray approved to treat symptoms caused by both seasonal allergens and environmental irritants.


astelin provides relief from bothersome nasal symptoms such as congestion, itchy/runny nose, sneezing and postnasal drip due to seasonal allergens or environmental irritants.

astelin is steroid-free and does not contain pseudoephedrine."""
21,"""pros
-completely clear skin after 4 months 
-during treatment my hair got much less greasy and barely needed washing. however this stopped after i finished my course

cons
-dry skin everywhere, although was manageable with a lot of moisturiser and lip balm
-eczema on arms, back of knees, and hands
-severe back pain lasting the whole duration of the course, couldn't be helped by physiotherapy
-(the worst side effect) irritable bowel syndrome. severe pain while passing stools (to the extent of crying), constipation and blood when i wiped. was severely debilitating and made me afraid of going to the loo for 4 months

summary 
- despite the awful side effects, i do not at all regret taking roaccutane even though i only had mild-moderate acne"""
22,"""-april 20th- unprotected sex
-april 23rd- took plan b (about 60 hours after unprotected sex)  that was the soonest i could get it. eat before you take the pill!  eating before prevents you from being nauseous. i read all sorts of horrible reviews so i was expecting the worst.  right after i took it i instantly became drowsy & increase in appetite.  but that's about it. no nausea, no change in stool, no tender breast, nothing. 
-april 29th- spotting
-april 30th- i started my period today, which is a week early.  but at least i started right!"""
23,"""i  had   tried   this   product  in   2005.... and   it   was   not   effective.   so  i gave  it   another   chance   to   so   call   redeem  itself.   well,  this   is  definitely   not   for   me,  it   made   me   feel   worst,  i  developed a headache"""
24,"""works excellent for anxiety. have horrible social anxiety which i also take zoloft for but xanax doesn’t really help with it. not knowing cause my dr’s didn’t tell me but after being on this a while and at a high dose (for me up to 3mg/day) if you don’t take it everyday you feel like rubbish. took me almost 2 years to figure this out so regardless if i need it or not i take maybe 1mg as a maintenance dose in the middle of the day. greatly helps to not feel sick. i also take 30mg of temazepam at night which i thought would cover me. but for the past 10 days my mood has been really bad, the worst in years and a couple mg’s of xanax greatly improves it but wouldn’t recommend it since it’s not prescribed to take it that way"""
25,"""i was diagnosed for ocd 20 years ago, went on zoloft, prozac, paxil and celexa, none of them worked in a long run. so i stop taking meds, but at times, i would get depress for no reason for weeks. i have constant thoughts running in my mind, mostly i am sad, and small things can make me angry, sensitive to sound(phone ringing, door bell, people talking). now i was diagnosed as bi polar,and was put on lamictal 25mg and after 2 weeks increase to 50mg and than 75mg. thoughts process was gone and was feeling happy. anger and sensitivity to sound were still there.
        but 6 weeks on lamictal, i had sore throat and than running nose, sneezing, flu type symptoms and than i notice rash on my chest, so i stop lamictal. anyone with similar experi"""
26,"""works for me.  i do have vivid dreams nothing scary some wonderful but does make me sick.  should be prescribed with weight management medication i hope i am not replacing 1 vice for another."""
27,"""-the mirena iud insertion was about an 8/10 on pain scale. after i left the procedure, i had zero pain that night and wasn't limited in any way. in the weeks following i had minor cramping. i had my period for about two straight months following insertion. 
-i had my mirena inserted in march, and it is now mid-july. i get my period at least once month, sometimes with heavy cramping on day 1.  
-my biggest word of caution is regarding weight gain. post insertion i've had a lot of issues maintaining my weight and i am truly consistent with what i eat. i've gained 10 pounds w/o changing my diet. it is very hard to the lose weight. i'm now 3 mo.  post insertion and my weight has suddenly levelled back out, with no changes to my diet. super weird."""
28,"""i hear a lot of people saying the same thing about this being sort of like a miracle drug that is what my psychiatrist and dr call to.
 it is quite amazing how you can be going through a full blown panic anxiety attack and just not too long after taking xanax. it's like night and day.
 it's definitely good to have one of these on hand if you suffer from anxiety or panic disorder. sometimes just knowing i have it and helps me. anyway 10 out of 10 very addictive but definitely works. as long as you're not popping them every couple hours i think most people on here will find that it works great.."""
29,"""most of my symptoms disappeared! as long as i take as directed, i am pain free!! still have tiredness and occasional low grade fever but no bleeding for three years now."""
30,"""(for male juvenile osteoporosis)

while this medicine did seem to increase my bone density in the long run, the night after caused far more pain then the injury that fractured my spine, though this could be on account of my age. please be sure to check with your doctor over how it may effect you. that being said, calcium supplements and medication over a longer period of time also helped, even without a second reclast treatment."""
31,"""i had been taking plavix without any side effects since experiencing transient ischemic stroke, but was advised by my doctor to try aggrenox because a clotting test raised a question whether plavix was effective. to start with i took one dose per day because i had had been advised to expect headaches until my body adjusted.  i felt my head was going to explode and got extremely nauseated. i took it for three days.  the headaches got worse, and i became nauseous, and my blood pressure went very high. i now list aggrenox as a medication that i am allergic to because of the severe side effects. i continue to use aspirin, plavix and other medications to try to prevent strokes."""
32,"""pros
-completely clear skin after 4 months 
-during treatment my hair got much less greasy and barely needed washing. however this stopped after i finished my course

cons
-dry skin everywhere, although was manageable with a lot of moisturiser and lip balm
-eczema on arms, back of knees, and hands
-severe back pain lasting the whole duration of the course, couldn't be helped by physiotherapy
-(the worst side effect) irritable bowel syndrome. severe pain while passing stools (to the extent of crying), constipation and blood when i wiped. was severely debilitating and made me afraid of going to the loo for 4 months

summary 
- despite the awful side effects, i do not at all regret taking roaccutane even though i only had mild-moderate acne"""
33,"""i  had   tried   this   product  in   2005.... and   it   was   not   effective.   so  i gave  it   another   chance   to   so   call   redeem  itself.   well,  this   is  definitely   not   for   me,  it   made   me   feel   worst,  i  developed a headache"""
34,"""""i have spondylolisthesis, l4/l5-s1, 2 bulging discs, and stenosis. after my 2nd fusion surgery i was prescribed gabapentin. i found i would forget what i was talking about in the middle of a sentence, and acute disorientation! i remember i had just finished paying for my groceries and the next thing i knew i woke up in the er! i guess i became very disoriented in the store. i was fine after ""waking"" & took a taxi back to the store. i had no clue what had happened! about a week later i was heading to physical therapy, blacked out and hit a tree, totalling my car. i suspected the gabapentin, as that was the only ""new med"" for me. i was told it was making me irritable and combative (still don't remember that). i quit taking it & problem gone!"""
35,"""i've tried several medications for moderate  anxiety and panic attacks. librium has worked the most reliably. xanax and ativan work quickly but are too short acting. klonopin didn't do much for me. librium starts to take effect within about a half hour, makes me calm (not high) and keeps me calm for hours."""
36,""". tried compounded synthethetic t4 and t3.(the synthetic drug minus all additives, dyes etc.-prepared by a compounding pharmacy and  the pure drug is put into a clear capsule)

then tried armour--much better

lastly tried wp thyroid. this is a fantastic thing.."""
37,"""i had a bad reaction to this medicine; trouble breathing, tight throat, cold hands and feet, increased pulse, strong headache, then fatigue. it was very frightening, but did go away after several hours."""
38,"""i suffer from chronic back and knee pain. had lower spinal fusion, both knees totally replaced and stenosis in my upper neck that flared up once to the point that the pain was agony! this was the first time i was given an injection of dilaudid as opposed to morphine. morphine has never taken my pain away, it just made me not care that it hurt, and the first time i was injected with dilaudid, the effects the first minute scared me, but i had a great nurse that walked me through everything i was going to experience and assured me that in one min. it would pass and it did and for the first time in 12yrs. after about five mins i had absolutely no pain. also took the pills for about 1 month and worked very well."""
39,"""i had an anaphylactic reaction and a week later still have muscle pains in every muscle, chest pain, 'blocked' ears, metallic taste in my mouth, grey tongue covering, constipation and extremely painful feet, hands and chest.  this drug is poison to my system.  it will be in my body for over a year.  will these symptoms eventually ease?"""
40,"""very poor results

if you have a sluggish colon (as i do) i do not recommend this product - as ""great-tasting"" as it is.

this was my 2nd colonoscopy and i failed it in spite of 1 week of miralax 2x a day, and a 2 day liquid diet - 3 days liquid and put myself on a 3 days low-residue diet.

i had read how pleasant tasting the prep was and yes folks, it taste like the powdered ""tang"". followed by the standard for colonoscopy preps - lots of water, which wasn't difficult as i usually drink a minimum of 8-10 ounce glasses a day i thought i was completely clear but noooooo - still going! thumbs down. back to gag go-lightly next time (with a compazine to prevent nausea. doctor gave me the prep - fortunately, didn't have to buy it."""
41,"""i am 61 years old, diagnosed high blood pressure when 18 years old.  i was 6'1""  when 18 and weighed 175, 29"" pant size with 44 coat size.  have taken drugs for over 40 years trying to keep blood pressure in the 150 over 100 range. (vasotec, lotril, and others).  started  azor (lowest dose available), 2 years ago and have never had a  reading over 120/80!  no side effects for me and i feel great."""
42,"""took one, waited about 45 minutes, there was some minor cramping right before i had to go, went to the bathroom and was hard pushing it out but it did come and now i feel so relieved and overall would recommend it."""
43,"""i have copd. i can't use a nebulizer with albuterol because i get severe headaches from it. i have tried five different prescribed inhalers but none worked as well as primatene. i have used spiriva and advair and neither work half as well as primatene. i sure hope they come out with a new primatene."""
44,"""pros
-completely clear skin after 4 months 
-during treatment my hair got much less greasy and barely needed washing. however this stopped after i finished my course

cons
-dry skin everywhere, although was manageable with a lot of moisturiser and lip balm
-eczema on arms, back of knees, and hands
-severe back pain lasting the whole duration of the course, couldn't be helped by physiotherapy
-(the worst side effect) irritable bowel syndrome. severe pain while passing stools (to the extent of crying), constipation and blood when i wiped. was severely debilitating and made me afraid of going to the loo for 4 months

summary 
- despite the awful side effects, i do not at all regret taking roaccutane even though i only had mild-moderate acne"""
45,"""about 5 years ago my doctor prescribed amerge and i have used it ever since.  i have been a migraine sufferer for the past 15 years and this is the medication that works the best for me.  2 years ago my health insurance decided to no longer cover the medication and i had to try to find another.  it was awful.  i did not realize how much more effective amerge was than the other medicines.  i highly recommend this product."""
46,"""i am 61 years old, diagnosed high blood pressure when 18 years old.  i was 6'1""  when 18 and weighed 175, 29"" pant size with 44 coat size.  have taken drugs for over 40 years trying to keep blood pressure in the 150 over 100 range. (vasotec, lotril, and others).  started  azor (lowest dose available), 2 years ago and have never had a  reading over 120/80!  no side effects for me and i feel great."""
47,"""about 5 years ago my doctor prescribed amerge and i have used it ever since.  i have been a migraine sufferer for the past 15 years and this is the medication that works the best for me.  2 years ago my health insurance decided to no longer cover the medication and i had to try to find another.  it was awful.  i did not realize how much more effective amerge was than the other medicines.  i highly recommend this product."""
48,"""was first given this for a skin infection on face that began on younger daughter 12 then spread to mother and older daughter. it was like acne that would not heal and would scab and spread. worked well. """
49,"""(continued) so i went to my dr. asked to try the medication. i have to say, just because it works for someone you know doesnt mean it is gonna work for you. you lose wt or you lose money, either way, stay positive for your self and for those that had good experience.  i am on my 3 day. scared at 1st, cause i am taking other med for anxiety, depression and concentration. i have not had an issue with any side effects. i do make sure i drink water. i have to force myself to eat. training myself to put snacks in front of me. so, definitely curbs the appetite.  coming from a woman who is not afraid to eat. i had a problem eating. i would eat till i was miserable and bloated. so far not even close. hope to see good results. working out 40min/day"""
50,""". tried compounded synthethetic t4 and t3.(the synthetic drug minus all additives, dyes etc.-prepared by a compounding pharmacy and  the pure drug is put into a clear capsule)

then tried armour--much better

lastly tried wp thyroid. this is a fantastic thing.."""
51,"""day 4.
i have already noticed changes.
pros:
- no desire to cry
- clear headed thought process
- no mood swings/feel balanced(have not had any mood swings since day 2. i usually had them like 4x within an hr)
- no angry outbursts or negative/hurtful comments towards people
- decrease in paranoia
- no longer feeling personally attacked by others
cons:
- trouble sleeping 
- teensy bit jittery 
- itchy(not much)
- definitely nauseous 
- trouble passing stool but not constipated 
- slight lightheadedness/ dizziness 
this is only day4 going on 5 so i am thinking my brain&body need time to adjust &balance out. so far i feel mentally, so much better. in control,i would say. only odd thing i noticed was random laughing. but hey i'm not complaining!"""
52,"""i had trouble getting to sleep, stuffy runny noise i am 43 years old i was on norvasc but my new doctor recommended this i stopped taking it maybe he can lower the dose"""
53,"""-not a very good one. complained to drs . about dry mouth,diarrhea, and numbness in toes. tingling at tip of fingers.  they dismissed it as nothing.  the numbness has progressed to my foot,legs,hands,arms.  have trouble walking without a cane because i loose my balance and have fallen many times."""
54,"""got my inserted bout 10 years ago !! worked magic for me! no problems no pain period flow normally . and yes i will leave it there for another 3-4 more years. totalling 13-14 years."""
55,""". tried compounded synthethetic t4 and t3.(the synthetic drug minus all additives, dyes etc.-prepared by a compounding pharmacy and  the pure drug is put into a clear capsule)

then tried armour--much better

lastly tried wp thyroid. this is a fantastic thing.."""
56,"""got my inserted bout 10 years ago !! worked magic for me! no problems no pain period flow normally . and yes i will leave it there for another 3-4 more years. totalling 13-14 years."""
57,""". tried compounded synthethetic t4 and t3.(the synthetic drug minus all additives, dyes etc.-prepared by a compounding pharmacy and  the pure drug is put into a clear capsule)

then tried armour--much better

lastly tried wp thyroid. this is a fantastic thing.."""
58,""" i have ibs with insomnia, 50 mg resolve my sleep problem and that of another other 57 patients , my  ibs-d improved 80% with the same medication. safe and life saving . have taken for 7 years"""
59,"""if you're bleeding for months straight you might want to go to a doctor because i've had this for almost 3 years and i haven't had a period since my first month i got it."""
60,"""i hear a lot of people saying the same thing about this being sort of like a miracle drug that is what my psychiatrist and dr call to.
 it is quite amazing how you can be going through a full blown panic anxiety attack and just not too long after taking xanax. it's like night and day.
 it's definitely good to have one of these on hand if you suffer from anxiety or panic disorder. sometimes just knowing i have it and helps me. anyway 10 out of 10 very addictive but definitely works. as long as you're not popping them every couple hours i think most people on here will find that it works great.."""
61,"""i am 22 years old and have had 2 micro-disc surgeries on the l5. the first on 1/19/04, the second on 7/19/04. i'm 5'10"" 125lbs. for a couple years i relied heavily on ibuprofen due to lack of insurance, and was taking 8-16 a day depending on weather conditions and working conditions. i now have insurance and have been taking vicodin 500mg up to 3 times a day for almost a year now and live a more painfree life."""
62,"""i require large doses of high strength opiates after an accident left my spine irreversibly damaged and in excruciating intractable pain. as the media and public demonizes these drugs since addicts abuse/overdose, (a lifesaver for the people prescribed/deserving) the times where i've been unable to obtain my normal refill and shamed out of the er trying to explain i'm not a drug seeker have increased. i'm left in extreme pain along with withdrawal symptoms- a combination so incredibly brutally agonizing/horrific. one time i happened to have clonidine for anxiety 0.1, taking 2-4 every 4-6 hrs (no dr. would agree) and it relieved 70% of all symptoms. very, very tired, but 100% worth it."""
63,"""i had implanon for 5 months,then had it taken off.
good: -practically certain of not getting pregnant; -not having to remember it; -bigger breasts.
bad:
menstruated or had spotting for almost 3 of the 5 months, and menstruated in more quantity.
had 3 months of premenstrual syndrome (mood swings, irritability. very bad for my mental health and relationship.)
worsened my rhinitis allergy,  also very disruptive. my nose was inflammed like in rhinitis, despite maximum rhinitis medication. 
not so easy to stop: as it requires minor intervention, i kept waiting that side effects would pass.
i advise trying oral progesterones a few months first.
not advisable for low stature and weight (55kg), bad pms, depressive history or rhinitis."""
64,"""""i have spondylolisthesis, l4/l5-s1, 2 bulging discs, and stenosis. after my 2nd fusion surgery i was prescribed gabapentin. i found i would forget what i was talking about in the middle of a sentence, and acute disorientation! i remember i had just finished paying for my groceries and the next thing i knew i woke up in the er! i guess i became very disoriented in the store. i was fine after ""waking"" & took a taxi back to the store. i had no clue what had happened! about a week later i was heading to physical therapy, blacked out and hit a tree, totalling my car. i suspected the gabapentin, as that was the only ""new med"" for me. i was told it was making me irritable and combative (still don't remember that). i quit taking it & problem gone!"""
65,"""-the mirena iud insertion was about an 8/10 on pain scale. after i left the procedure, i had zero pain that night and wasn't limited in any way. in the weeks following i had minor cramping. i had my period for about two straight months following insertion. 
-i had my mirena inserted in march, and it is now mid-july. i get my period at least once month, sometimes with heavy cramping on day 1.  
-my biggest word of caution is regarding weight gain. post insertion i've had a lot of issues maintaining my weight and i am truly consistent with what i eat. i've gained 10 pounds w/o changing my diet. it is very hard to the lose weight. i'm now 3 mo.  post insertion and my weight has suddenly levelled back out, with no changes to my diet. super weird."""
66,"""i have lost 18lb but the side effects r:  severe groin pain - severe leg cramps- muscle spasms - blurred vision- chest pains- unable to sleep good- cannot walk right- shoulder bone aches - i thought it was due to age- but its not!  even though i have lost weight its not worth feeling the way i feel!  i'm not going to take this med any longer!  i have taken 2 other weight loss meds that did not work - this med worked but the side effects r horrible!  i would not recommend to anyone!"""
67,""". tried compounded synthethetic t4 and t3.(the synthetic drug minus all additives, dyes etc.-prepared by a compounding pharmacy and  the pure drug is put into a clear capsule)

then tried armour--much better

lastly tried wp thyroid. this is a fantastic thing.."""
68,"""propranolol is honestly one of the best things in the freakin universe. i’ve struggled tremendously with debilitating presentation/public speaking anxiety for the past 13 years of my life.  i’ve been prescribed xanax and lexapro to aide with my anxiety, but xanax made me so foggy to the point of stupidity and lexapro is a daily medication, while my anxiety is strictly situational. just take 30 mg an hour to an hour and a half before your presentation, or speech and you will kill it. reading short paragraphs out loud, or even introducing myself to a large group of people would be straight up impossible for me - but with propranolol, that’s all gone away. seriously. try it. you’ll be that person volunteering to present and read aloud :)"""
69,"""i started using phentermine 30mg on 2/1/14. my starting weight was 216 (i'm 5'3"")...on 2/8/14 i weighed in at 209 and on 2/15/14 i weighed in at 205 (while on my period, which usually makes me gain 4-6 lbs)  11 lbs in two weeks is soooo motivating.  i was recommended the atkins diet but i workout really hard (power lift, insanity, boot camp) so for the past two weeks i didn't do the practically no carb plan i was given, but i did lower my carbs significantly (i used to eat a lot of oats, wheat bread, sweet potato) the doctor said i'm doing great because most people my age, height, and starting weight, lose about 10lbs a month.  phentermine curbs my appetite  like nothing ever has and i'm loving my results so far. i'll update next week."""
70,"""""absolutely"" amazing. 10 out of 10. only mild headache as a side effect for approximately 4-5 hours. but this medicine is a miracle. i took 100 mg as a dose like 45 minutes before intercourse and it did wonders. we made love 6 times non-stop and i think we could continue. saved my whole relationship. owe that to pfizer."""
71,"""about 5 years ago my doctor prescribed amerge and i have used it ever since.  i have been a migraine sufferer for the past 15 years and this is the medication that works the best for me.  2 years ago my health insurance decided to no longer cover the medication and i had to try to find another.  it was awful.  i did not realize how much more effective amerge was than the other medicines.  i highly recommend this product."""
72,"""i began to have heavy periods when i was very young, it was a nightmare to manage at school, because i had to sit through classes for a whole hour and afterwards would have to carefully waddle to the bathroom to change my pad! the first medication the doctors gave was the pill, a year on that and i had gained 1.5 stone and the periods were still too heavy. i came off the pill, lost the weight and began to take tranexamic acid. i think i have been using it for around 4 years now. i take 2 tablets 3 times a day for the first 3/4 days of my period. the change in flow is dramatic and i really couldn't manage without them :)"""
73,"""i was retaining 30 ounces of urine after going to restroom had cath. for one week put on flomax symptoms gone with in few weeks only had mild side effects get up once a night now"""
74,"""-not a very good one. complained to drs . about dry mouth,diarrhea, and numbness in toes. tingling at tip of fingers.  they dismissed it as nothing.  the numbness has progressed to my foot,legs,hands,arms.  have trouble walking without a cane because i loose my balance and have fallen many times."""
75,"""i got this about 2 weeks ago, and it works amazingly. my acne is completely gone. only thing is if you miss a treatment your acne will come back right away. you have to be very committed"""
76,"""i'm two days after gallbladder removal and was given this during anesthesia. pain prior to surgery was excruciating but the all over pain from this is debilitating. every leg, arm, stomach muscle is hurting to the point it's difficult to move anything. even my jaws hurt. i will never use this drug again; i will deem myself allergic. i've recently had both hips replaced and was given a different muscle relaxant during those surgeries that did not cause any post operative pain. i'd never thought to ask about anesthesia drugs prior to surgeries. due to the horrible pain i've experienced with succinylcholine, i will be certain to ensure its never used on me again.  other sufferers say it lasts about 4 days. i hope that's the outcome."""
77,"""took one, waited about 45 minutes, there was some minor cramping right before i had to go, went to the bathroom and was hard pushing it out but it did come and now i feel so relieved and overall would recommend it."""
78,""". tried compounded synthethetic t4 and t3.(the synthetic drug minus all additives, dyes etc.-prepared by a compounding pharmacy and  the pure drug is put into a clear capsule)

then tried armour--much better

lastly tried wp thyroid. this is a fantastic thing.."""
79,"""this is the only medication i have found that has worked in combination with my other medications in ten years for my bi polar and i'm very pleased with the results!"""
80,"""i took this pill immediately had trouble breathing nausea diarrhea, followed by a month so far of getting my period twice sore breasts, weight gain weakness, tiredness, heavy cramps lower back pain bone crushing headaches, mood changes, hot flashes and worst of all lethargic out of it brain fog. the worst mistake i made taken this garbage i would have rathered been pregnant. my advice is don't take it its poison."""
81,"""i have been given vicodin for severe migraines, back pain, wisdom tooth removal and kidney infection with kidney stones. it never fails to make me feel nauseous, give me headaches, and make it incredibly difficult to function at times  but it did take away my pain. after my last er visit i asked for something other than vicodin, they gave me percocet and it works well with minimal side effects."""
82,"""just took my first dose 5 mg of brintellix - have been on every possible medication including wellbutrin for 15 years, seroquel for 9 years, lexapro for 2 years, just weaned off lexapro.  i feel quite odd, butterflies in stomach and brain fog - my daughter has been on brintellix for 2 months and is still vomiting - if this continues, another failed med."""
83,"""i have been given vicodin for severe migraines, back pain, wisdom tooth removal and kidney infection with kidney stones. it never fails to make me feel nauseous, give me headaches, and make it incredibly difficult to function at times  but it did take away my pain. after my last er visit i asked for something other than vicodin, they gave me percocet and it works well with minimal side effects."""
84,"""pros
-completely clear skin after 4 months 
-during treatment my hair got much less greasy and barely needed washing. however this stopped after i finished my course

cons
-dry skin everywhere, although was manageable with a lot of moisturiser and lip balm
-eczema on arms, back of knees, and hands
-severe back pain lasting the whole duration of the course, couldn't be helped by physiotherapy
-(the worst side effect) irritable bowel syndrome. severe pain while passing stools (to the extent of crying), constipation and blood when i wiped. was severely debilitating and made me afraid of going to the loo for 4 months

summary 
- despite the awful side effects, i do not at all regret taking roaccutane even though i only had mild-moderate acne"""
85,"""i am 61 years old, diagnosed high blood pressure when 18 years old.  i was 6'1""  when 18 and weighed 175, 29"" pant size with 44 coat size.  have taken drugs for over 40 years trying to keep blood pressure in the 150 over 100 range. (vasotec, lotril, and others).  started  azor (lowest dose available), 2 years ago and have never had a  reading over 120/80!  no side effects for me and i feel great."""
86,"""i hear a lot of people saying the same thing about this being sort of like a miracle drug that is what my psychiatrist and dr call to.
 it is quite amazing how you can be going through a full blown panic anxiety attack and just not too long after taking xanax. it's like night and day.
 it's definitely good to have one of these on hand if you suffer from anxiety or panic disorder. sometimes just knowing i have it and helps me. anyway 10 out of 10 very addictive but definitely works. as long as you're not popping them every couple hours i think most people on here will find that it works great.."""
87,"""i began to have heavy periods when i was very young, it was a nightmare to manage at school, because i had to sit through classes for a whole hour and afterwards would have to carefully waddle to the bathroom to change my pad! the first medication the doctors gave was the pill, a year on that and i had gained 1.5 stone and the periods were still too heavy. i came off the pill, lost the weight and began to take tranexamic acid. i think i have been using it for around 4 years now. i take 2 tablets 3 times a day for the first 3/4 days of my period. the change in flow is dramatic and i really couldn't manage without them :)"""
88,"""i switched from microgestin fe 20, which was good, but my body got used to it and i started getting abnormal periods. 
switched to this, did not gain weight, so far it's been a smooth transition. the only thing that i do not like is that i get a lot of nausea while i'm on my period. i hope with time it'll go away. other than that it's a good form of bc."""
89,"""i hear a lot of people saying the same thing about this being sort of like a miracle drug that is what my psychiatrist and dr call to.
 it is quite amazing how you can be going through a full blown panic anxiety attack and just not too long after taking xanax. it's like night and day.
 it's definitely good to have one of these on hand if you suffer from anxiety or panic disorder. sometimes just knowing i have it and helps me. anyway 10 out of 10 very addictive but definitely works. as long as you're not popping them every couple hours i think most people on here will find that it works great.."""
90,""". tried compounded synthethetic t4 and t3.(the synthetic drug minus all additives, dyes etc.-prepared by a compounding pharmacy and  the pure drug is put into a clear capsule)

then tried armour--much better

lastly tried wp thyroid. this is a fantastic thing.."""
91,"""i had to stop taken the medicine due to getting yellowing of the skin, fevers, nightmares, severe headaches, dizziness, hot flashes, restlessness, nausea, etc. the medicine was fine until about 3 days into it then i began to feel worse and it was even hard for me to breathe. i may be one of the select few who reacted this way and i followed everything that i was told to do exactly."""
92,"""pros
-completely clear skin after 4 months 
-during treatment my hair got much less greasy and barely needed washing. however this stopped after i finished my course

cons
-dry skin everywhere, although was manageable with a lot of moisturiser and lip balm
-eczema on arms, back of knees, and hands
-severe back pain lasting the whole duration of the course, couldn't be helped by physiotherapy
-(the worst side effect) irritable bowel syndrome. severe pain while passing stools (to the extent of crying), constipation and blood when i wiped. was severely debilitating and made me afraid of going to the loo for 4 months

summary 
- despite the awful side effects, i do not at all regret taking roaccutane even though i only had mild-moderate acne"""
93,"""i switched from microgestin fe 20, which was good, but my body got used to it and i started getting abnormal periods. 
switched to this, did not gain weight, so far it's been a smooth transition. the only thing that i do not like is that i get a lot of nausea while i'm on my period. i hope with time it'll go away. other than that it's a good form of bc."""
94,"""i switched from yaz to beyaz because yaz got too expensive.  i decided to try it because i could no longer afford yaz and the results were much better than expected. no cramps, nice skin, and my period is always right on time like yaz but with a few added benefits. when i was on yaz, the week before my period i would always get bloated in the stomach area and would be self conscious about it. also about 4 days before my period my appetite increased so much that i couldn't stop eating. on beyaz there is no bloating and it curbs my appetite so much that i've lost some weight on it. i also used to get extremely fatigued around my period on yaz to the point where it was hard to wake up but on beyaz i feel more energetic than ever before."""
95,"""this medication made me feel like my brain was fried it was so hard to think and it made me feel hyper on the inside but made my body feel tired and lazy it was a horrible feeling and it made my schizophrenia worse!!"""
96,"""tried for several months.  wasn't sure if problem had resolved or drug was actually working.  stopped slowly and within weeks noticed return of symptoms - starting back tomorrow - slowly up to full dosage."""
97,"""on my second one! total of 14 years with one. whats not to love? just have it placed and hormone free birth control for 10 years! yes, 10 years without having to even think about pregnancy!"""
98,"""pros
-completely clear skin after 4 months 
-during treatment my hair got much less greasy and barely needed washing. however this stopped after i finished my course

cons
-dry skin everywhere, although was manageable with a lot of moisturiser and lip balm
-eczema on arms, back of knees, and hands
-severe back pain lasting the whole duration of the course, couldn't be helped by physiotherapy
-(the worst side effect) irritable bowel syndrome. severe pain while passing stools (to the extent of crying), constipation and blood when i wiped. was severely debilitating and made me afraid of going to the loo for 4 months

summary 
- despite the awful side effects, i do not at all regret taking roaccutane even though i only had mild-moderate acne"""
99,"""""iffy"" sexual performance for last 6 months.  (53, married 30 years).  tried ""stendra"" with only marginal improvement and was getting a bit panicky! had doubts cialis would be any better. ""10"" is too low of a score.  nice to have the wife complain of some initial discomfort from ""too deep, too soon"", again, and having to back off. it ended well for all concerned (it was a sample from doctor, so not sure on future pricing)."""
100,"""(i wrote this back in june: i've been using orlistat for 3 weeks now and have only lost 1 lb so far. i can honestly say that i have had no side effect. been very careful of what i have eaten. have only been going to the gym once a week but with 3 kids i'm on the go all day). 

i didn't think the drug was working for me so tested it out: i ate as much chocolate and biscuits as i wanted and boy didn't i pay for it the next day. since then i cut out carbs, still have treats maybe still to many of them which i'm trying to cut down again, not suffering the side effects though, very occasionally i'm windy but i've lost 12lbs. i would recommend it to anyone. i'm 1 stone and 3 lbs off my target weight."""
101,"""about 5 years ago my doctor prescribed amerge and i have used it ever since.  i have been a migraine sufferer for the past 15 years and this is the medication that works the best for me.  2 years ago my health insurance decided to no longer cover the medication and i had to try to find another.  it was awful.  i did not realize how much more effective amerge was than the other medicines.  i highly recommend this product."""
102,"""pros
-completely clear skin after 4 months 
-during treatment my hair got much less greasy and barely needed washing. however this stopped after i finished my course

cons
-dry skin everywhere, although was manageable with a lot of moisturiser and lip balm
-eczema on arms, back of knees, and hands
-severe back pain lasting the whole duration of the course, couldn't be helped by physiotherapy
-(the worst side effect) irritable bowel syndrome. severe pain while passing stools (to the extent of crying), constipation and blood when i wiped. was severely debilitating and made me afraid of going to the loo for 4 months

summary 
- despite the awful side effects, i do not at all regret taking roaccutane even though i only had mild-moderate acne"""
103,"""i went to the er for extreme neck and head pain. they said they were going to treat me with a headache cocktail. the nurse shot 3 medicines in me quickly. the first was reglan. immediately after she put this in my iv i felt an intense pressure in my chest and i could barely breathe. i began to feel so restless and jittery. i wanted to jump up and rip the iv out and run. i tried to lay there and calm down but i felt terrible intense anxiety and worried i was going to die. i felt panic like never before. i thought something was wrong with me, i'm so glad i'm not alone. i'll never agree to this medicine again, and my head still hurt when i left!"""
104,"""(preface by saying this is my first and hopefully last stone).

i had sudden and severe lower-abdomen pain on a monday, so i went to the emergency room.  i had a ct scan performed and the hospital discovered a 3.5mm obstruction in my ureter.  i was feeling fine by that evening when i was released.  they gave me a prescription for flomax but i received tamsulosin (the generic equivalent).  my urologist told me to continue with the tamsulosin and to filter all my urine.

i had no further pain until the weekend, saturday into sunday it was pretty bad, but i didn't pass anything.

come wednesday (8 days after starting tamsulosin), i had passed the stone with no pain.  don't listen to all the horror stories.  take the tamsulosin!"""
105,"""got my inserted bout 10 years ago !! worked magic for me! no problems no pain period flow normally . and yes i will leave it there for another 3-4 more years. totalling 13-14 years."""
106,"""i  had   tried   this   product  in   2005.... and   it   was   not   effective.   so  i gave  it   another   chance   to   so   call   redeem  itself.   well,  this   is  definitely   not   for   me,  it   made   me   feel   worst,  i  developed a headache"""
107,"""i hear a lot of people saying the same thing about this being sort of like a miracle drug that is what my psychiatrist and dr call to.
 it is quite amazing how you can be going through a full blown panic anxiety attack and just not too long after taking xanax. it's like night and day.
 it's definitely good to have one of these on hand if you suffer from anxiety or panic disorder. sometimes just knowing i have it and helps me. anyway 10 out of 10 very addictive but definitely works. as long as you're not popping them every couple hours i think most people on here will find that it works great.."""
108,"""prescribed 600mg for bipolar 1, first three weeks nasty but stick with it these side effects disappear. taken alongside lithium and i have never felt so well in over 20 years, awesome."""
109,""""" i am 20 with no kids and have never been pregnant before. i was on birth control pills for 4 years before deciding on trying something stronger plus i couldn't remember to take it daily. i had skyla inserted oct 16 so i am on day 4. i'm not going to lie having it inserted hurt. it was a combination of uncomfortable mixed with pain. day 1 i had horrible cramps all day and some nausea day 2 i felt amazing no cramps so sickness nothing day 3 i found the lovely side effect of extreme emotion. i was a roller coaster of emotion all day with some random cramps throughout the day day 4 i have had some cramps off and on but the emotions are in check today. so far so good, no major complaints except hoping the cramps and spotting subside soon"""
110,"""got my inserted bout 10 years ago !! worked magic for me! no problems no pain period flow normally . and yes i will leave it there for another 3-4 more years. totalling 13-14 years."""
111,"""about 5 years ago my doctor prescribed amerge and i have used it ever since.  i have been a migraine sufferer for the past 15 years and this is the medication that works the best for me.  2 years ago my health insurance decided to no longer cover the medication and i had to try to find another.  it was awful.  i did not realize how much more effective amerge was than the other medicines.  i highly recommend this product."""
112,"""about 5 years ago my doctor prescribed amerge and i have used it ever since.  i have been a migraine sufferer for the past 15 years and this is the medication that works the best for me.  2 years ago my health insurance decided to no longer cover the medication and i had to try to find another.  it was awful.  i did not realize how much more effective amerge was than the other medicines.  i highly recommend this product."""
113,"""sustained second degree burns to entire right hand resulting from spilled frying grease. application of silver sulfadiazine afforded almost immediate cooling relief. necrotic tissue was removed, ss applied for 3 days after which the hand was usable. normalcy resumed after 10 days. an uneventful recovery was attained."""
114,"""i  had   tried   this   product  in   2005.... and   it   was   not   effective.   so  i gave  it   another   chance   to   so   call   redeem  itself.   well,  this   is  definitely   not   for   me,  it   made   me   feel   worst,  i  developed a headache"""
115,"""i am 61 years old, diagnosed high blood pressure when 18 years old.  i was 6'1""  when 18 and weighed 175, 29"" pant size with 44 coat size.  have taken drugs for over 40 years trying to keep blood pressure in the 150 over 100 range. (vasotec, lotril, and others).  started  azor (lowest dose available), 2 years ago and have never had a  reading over 120/80!  no side effects for me and i feel great."""
116,"""i was retaining 30 ounces of urine after going to restroom had cath. for one week put on flomax symptoms gone with in few weeks only had mild side effects get up once a night now"""
117,"""39/ no kids. i have always had issues with taking bc, estrogen makes me a moody, bloated beast. i was diagnosed with endo 5 years ago. got iud w/ hormone, worked for 2 years and i've been bleeding now off and on for months.   

was just in to see my ob last week and he suggested  nora-be.  at first i was hesitant but he explained that the progesterone dosage is the same as iud and a fraction of the hormone compared to the progesterone pills. i've taken it for a week here and there to shrink cysts. so i said ok. 
took my first pill last night. today i was more calm and patient, no appetite at all. will post update in a few days."""
118,"""39/ no kids. i have always had issues with taking bc, estrogen makes me a moody, bloated beast. i was diagnosed with endo 5 years ago. got iud w/ hormone, worked for 2 years and i've been bleeding now off and on for months.   

was just in to see my ob last week and he suggested  nora-be.  at first i was hesitant but he explained that the progesterone dosage is the same as iud and a fraction of the hormone compared to the progesterone pills. i've taken it for a week here and there to shrink cysts. so i said ok. 
took my first pill last night. today i was more calm and patient, no appetite at all. will post update in a few days."""
119,"""i had a choice of going to the er or taking the pill. i took the pill and 30 minutess later the pain was gone. then came the side effects, weak, pressure in the shoulders, speech and memory were difficult and little pressure in the chest. all were gone in less than an hour. i was so happy with the results. living without migraines is priceless to me."""
120,"""(i wrote this back in june: i've been using orlistat for 3 weeks now and have only lost 1 lb so far. i can honestly say that i have had no side effect. been very careful of what i have eaten. have only been going to the gym once a week but with 3 kids i'm on the go all day). 

i didn't think the drug was working for me so tested it out: i ate as much chocolate and biscuits as i wanted and boy didn't i pay for it the next day. since then i cut out carbs, still have treats maybe still to many of them which i'm trying to cut down again, not suffering the side effects though, very occasionally i'm windy but i've lost 12lbs. i would recommend it to anyone. i'm 1 stone and 3 lbs off my target weight."""
121,""". tried compounded synthethetic t4 and t3.(the synthetic drug minus all additives, dyes etc.-prepared by a compounding pharmacy and  the pure drug is put into a clear capsule)

then tried armour--much better

lastly tried wp thyroid. this is a fantastic thing.."""
122,"""took one, waited about 45 minutes, there was some minor cramping right before i had to go, went to the bathroom and was hard pushing it out but it did come and now i feel so relieved and overall would recommend it."""
123,""". i'm currently 15 yrs old and and this is the second add/adhd meds i've been on. in highschool i feel that it's very important to succeed. due to me going untreated for my entire childhood, i dropped out. i'm back in school now and it's been 2 years. if it gets to the point where you want to drop out i suggest add medication. but if you have a 3-10 year old i highly don't suggest it. when my brother was 4-7/8 he was on it. he would always try to kill me and my mother. he would hurt animals and kids at school. he was quiet and had no emotion or expression. tried to kill himself many times. to this day he is now 18 and 5'8 when he is supposed to be over 6ft because our genes. highly do not recommend unless this is the last resort for a child"""
124,"""i have been depressed over 20 years, been hospitalized for a major depressive event and suicidal. i have been on numerous antidepressants over the years. none of which worked, i have been on escitalopram for 6 years (10mg) and i can say that i am normal and happy. it works for me. i tried 20mg for a while, but it made me too sleepy. the 10mg works for me.
my wife of 47 years passed away 2 months ago. i am grieving but not depressed. sounds strange, but i definately know the difference."""
125,"""i  had   tried   this   product  in   2005.... and   it   was   not   effective.   so  i gave  it   another   chance   to   so   call   redeem  itself.   well,  this   is  definitely   not   for   me,  it   made   me   feel   worst,  i  developed a headache"""
126,"""i am 61 years old, diagnosed high blood pressure when 18 years old.  i was 6'1""  when 18 and weighed 175, 29"" pant size with 44 coat size.  have taken drugs for over 40 years trying to keep blood pressure in the 150 over 100 range. (vasotec, lotril, and others).  started  azor (lowest dose available), 2 years ago and have never had a  reading over 120/80!  no side effects for me and i feel great."""
127,"""%u25b66x r-chop 2/2011-6/3011 (the ""o"" is oncovin = vincristine).
%u25b6 { 16x rituxan 12/2011-4/2014}.
%u25b6 {2x bendamustine/ rituxan/rituxan 11/2014-12/2014, myo infarct 12/11/2014}
%u25b6 3x cvp (= cyclophosphamide, vincristine, prednisone 4/2015 -5/2015, 3 more due)
.
%u25b6cvp is my 4th cocktail, since 2-1/2 years of maintenance rituxan still resulted in increased growth in neck/jaw area
%u25b6 day 1- day 2 bendamustine-rituxan/ rituxan resulted in myocardial infarction a week  after the 2nd cycle; stent placed at l. circumflex
%u25b6 3 cycles after cvp (every 3 weeks for 6 cycles/ infusions), most prominent  tumor reduced to  half. low-grade queasiness treated initially w/ ondansetron, changed to lorazepam. no hair loss. powerport"""
128,"""astelin is the only prescription antihistamine nasal spray approved to treat symptoms caused by both seasonal allergens and environmental irritants.


astelin provides relief from bothersome nasal symptoms such as congestion, itchy/runny nose, sneezing and postnasal drip due to seasonal allergens or environmental irritants.

astelin is steroid-free and does not contain pseudoephedrine."""
129,"""i have been on sertraline/zoloft (on different doses at different times for different occasions) for about 6 years now, and it has helped me a tremendous amount. i highly recommend it."""
130,"""i took this pill immediately had trouble breathing nausea diarrhea, followed by a month so far of getting my period twice sore breasts, weight gain weakness, tiredness, heavy cramps lower back pain bone crushing headaches, mood changes, hot flashes and worst of all lethargic out of it brain fog. the worst mistake i made taken this garbage i would have rathered been pregnant. my advice is don't take it its poison."""
131,"""most of my symptoms disappeared! as long as i take as directed, i am pain free!! still have tiredness and occasional low grade fever but no bleeding for three years now."""
132,""" i have ibs with insomnia, 50 mg resolve my sleep problem and that of another other 57 patients , my  ibs-d improved 80% with the same medication. safe and life saving . have taken for 7 years"""
133,"""i am 61 years old, diagnosed high blood pressure when 18 years old.  i was 6'1""  when 18 and weighed 175, 29"" pant size with 44 coat size.  have taken drugs for over 40 years trying to keep blood pressure in the 150 over 100 range. (vasotec, lotril, and others).  started  azor (lowest dose available), 2 years ago and have never had a  reading over 120/80!  no side effects for me and i feel great."""
134,"""pros
-completely clear skin after 4 months 
-during treatment my hair got much less greasy and barely needed washing. however this stopped after i finished my course

cons
-dry skin everywhere, although was manageable with a lot of moisturiser and lip balm
-eczema on arms, back of knees, and hands
-severe back pain lasting the whole duration of the course, couldn't be helped by physiotherapy
-(the worst side effect) irritable bowel syndrome. severe pain while passing stools (to the extent of crying), constipation and blood when i wiped. was severely debilitating and made me afraid of going to the loo for 4 months

summary 
- despite the awful side effects, i do not at all regret taking roaccutane even though i only had mild-moderate acne"""
135,"""pros
-completely clear skin after 4 months 
-during treatment my hair got much less greasy and barely needed washing. however this stopped after i finished my course

cons
-dry skin everywhere, although was manageable with a lot of moisturiser and lip balm
-eczema on arms, back of knees, and hands
-severe back pain lasting the whole duration of the course, couldn't be helped by physiotherapy
-(the worst side effect) irritable bowel syndrome. severe pain while passing stools (to the extent of crying), constipation and blood when i wiped. was severely debilitating and made me afraid of going to the loo for 4 months

summary 
- despite the awful side effects, i do not at all regret taking roaccutane even though i only had mild-moderate acne"""
136,"""(text limit)
36, suffered since childhood. anxiety, depression, and panic attacks. believing i have heart problems, heart pounding that my mind is creating, hatred, anger, anger, anger, and lack of ever really just feeling good. and by good, i don't mean parties and hooking up two people to date. i mean just taking in life and acknowledging nature for those very brief beautiful moments i only have vague memories of doing.

this drug helped me, and i wish i could stay on it, but i can't. it built tolerance, affected my memory, and started degrading my cognitive functions. outside of that, the search was finally over when i got on it, but now it's back to hell because i can't stay. everyone is different, don't increase the dose."""
137,"""""iffy"" sexual performance for last 6 months.  (53, married 30 years).  tried ""stendra"" with only marginal improvement and was getting a bit panicky! had doubts cialis would be any better. ""10"" is too low of a score.  nice to have the wife complain of some initial discomfort from ""too deep, too soon"", again, and having to back off. it ended well for all concerned (it was a sample from doctor, so not sure on future pricing)."""
138,"""was working fine for l5 pain then one night after dinner i had bad pain i took 1in a half pills 10mg an hour later was experiencing terrible upper back pain above shoulders real bad stomach muscle pain and it was painful to swallow. """
139,"""i had a bad reaction to this medicine; trouble breathing, tight throat, cold hands and feet, increased pulse, strong headache, then fatigue. it was very frightening, but did go away after several hours."""
140,"""took one, waited about 45 minutes, there was some minor cramping right before i had to go, went to the bathroom and was hard pushing it out but it did come and now i feel so relieved and overall would recommend it."""
141,"""i hear a lot of people saying the same thing about this being sort of like a miracle drug that is what my psychiatrist and dr call to.
 it is quite amazing how you can be going through a full blown panic anxiety attack and just not too long after taking xanax. it's like night and day.
 it's definitely good to have one of these on hand if you suffer from anxiety or panic disorder. sometimes just knowing i have it and helps me. anyway 10 out of 10 very addictive but definitely works. as long as you're not popping them every couple hours i think most people on here will find that it works great.."""
142,"""just took my first dose 5 mg of brintellix - have been on every possible medication including wellbutrin for 15 years, seroquel for 9 years, lexapro for 2 years, just weaned off lexapro.  i feel quite odd, butterflies in stomach and brain fog - my daughter has been on brintellix for 2 months and is still vomiting - if this continues, another failed med."""
143,"""i  had   tried   this   product  in   2005.... and   it   was   not   effective.   so  i gave  it   another   chance   to   so   call   redeem  itself.   well,  this   is  definitely   not   for   me,  it   made   me   feel   worst,  i  developed a headache"""
144,"""took one, waited about 45 minutes, there was some minor cramping right before i had to go, went to the bathroom and was hard pushing it out but it did come and now i feel so relieved and overall would recommend it."""
145,"""the nexplanon is plain awful i'm on my third year a month from getting it taken out (i've been begging my doc to take it out for a year now and just got ok'ed) the first year of it my period was nuts either no period or month long period slight weight gain but nothing terrible second year mood swings like crazy weight gain and acne. third year has been the worst i have no acne constant mood swing severe depression despite my life going well can't stop gaining weight (130lb before 185lb now) bloating cramps are so bad i've had to miss work i have acne on my back and face and weird hair growth. i'm growing inch long black facial hairs on my chin and i'm a blonde who used to have like no body hair. this birth control has made me suicidal at time."""
146,""""" i am 20 with no kids and have never been pregnant before. i was on birth control pills for 4 years before deciding on trying something stronger plus i couldn't remember to take it daily. i had skyla inserted oct 16 so i am on day 4. i'm not going to lie having it inserted hurt. it was a combination of uncomfortable mixed with pain. day 1 i had horrible cramps all day and some nausea day 2 i felt amazing no cramps so sickness nothing day 3 i found the lovely side effect of extreme emotion. i was a roller coaster of emotion all day with some random cramps throughout the day day 4 i have had some cramps off and on but the emotions are in check today. so far so good, no major complaints except hoping the cramps and spotting subside soon"""
147,"""about 5 years ago my doctor prescribed amerge and i have used it ever since.  i have been a migraine sufferer for the past 15 years and this is the medication that works the best for me.  2 years ago my health insurance decided to no longer cover the medication and i had to try to find another.  it was awful.  i did not realize how much more effective amerge was than the other medicines.  i highly recommend this product."""
148,"""(15 years old, 103 lbs) i took this at 3pm yesterday morning. i was stupid and took three pills. at about 3:30 i was having horrific abdominal pain and cramping and bad nausea. (i never actually threw up but i felt like i was going to several times) at around 2 am i had to go. after that i went back to bed but for the rest of the night had to get up at least every fifteen minutes with explosive diarrhea. i woke up the next morning in extreme pain with worse nausea than the night before. i tried going to school and had to be picked up early because i couldn't even control my bowel movements. its now 10:16 a day after taking this laxative and my stomach is cramping and growling and i still feel nauseous. i do not recommend. if you take it, take only 1!"""
149,"""about 5 years ago my doctor prescribed amerge and i have used it ever since.  i have been a migraine sufferer for the past 15 years and this is the medication that works the best for me.  2 years ago my health insurance decided to no longer cover the medication and i had to try to find another.  it was awful.  i did not realize how much more effective amerge was than the other medicines.  i highly recommend this product."""
150,"""(liletta iud) i have a high pain tolerance (everyone is different). but in this case, that does not matter. during the insertion you will feel a slight pain/cramping but it is bearable! you will tense up a little, but breathing in with your nose and out with your mouth will help! the vaginal clamp did put pressure on me more than the actual cervix opening for the iud. it's a quick process and rating the pain out of 10, it was about a 4-5 (deep breaths help!). i went while i was on my period which is recommended for easy insertion (true!) and my period stopped the same day, but got light the next day (normally heavy flow). you will feel a little light headed & crampy after but no joke, ice cream or a milkshake will help the pain! good luck!"""
151,"""i am 61 years old, diagnosed high blood pressure when 18 years old.  i was 6'1""  when 18 and weighed 175, 29"" pant size with 44 coat size.  have taken drugs for over 40 years trying to keep blood pressure in the 150 over 100 range. (vasotec, lotril, and others).  started  azor (lowest dose available), 2 years ago and have never had a  reading over 120/80!  no side effects for me and i feel great."""
152,"""i was retaining 30 ounces of urine after going to restroom had cath. for one week put on flomax symptoms gone with in few weeks only had mild side effects get up once a night now"""
153,"""i've been using brintellix for 3 months now - 20mg
- depression is almost completely over & back to work
- side effects still ongoing - dry mouth - weight gain - stomach bloating - abdominal pain ( less frequent now) - dizziness

looking forward to reduce dosage & slowly getting off it."""
154,"""i suffer from a very severe presentation anxiety, but after trying this drug i am able to present without any problems! it is truly amazing. thank you to whoever made this drug!"""
155,"""i had a horrible experience on this pill, within 30is minutes of taking in i started laughing for no apparent reason, then i started getting really angry and yelled at my mom then started crying.
that kept going back and forth for 3 hours till my head started hurting and i felt really sick which is when the suicidal thoughts kicked in. (i have no mental illness- i've been tested but i have issues with estrogen)
i got my first migraine in years on this pill and didn't take another dose. the mental stuff all went down but the headache lasted a week and i couldn't stop sleeping. 
i was told to wait a month by my gyn but the symptoms were too severe with the first dose so i didn't take anymore."""
156,"""please dont get this implant!!! i got it because i’m a very forgetful person and i figured it’d be much easier and less maintenance than the pill. boy was i wrong. although i didn’t gain weight or break out, i was constantly cramping and pmsing. i had my period for 9 months. i would have a period that would last anywhere from a month to a month and a half and then about 3 days of no bleeding but a yeast infection. those 9 months were hell and they took a serious toll on my long term relationship. i was bleeding heavily to the point where i was clotting and i couldn’t tell if i was spotting or if it was my period. i’m now on junel but still have the implant in my arm. please don’t make my mistake. don’t get this implant."""
157,"""i am 61 years old, diagnosed high blood pressure when 18 years old.  i was 6'1""  when 18 and weighed 175, 29"" pant size with 44 coat size.  have taken drugs for over 40 years trying to keep blood pressure in the 150 over 100 range. (vasotec, lotril, and others).  started  azor (lowest dose available), 2 years ago and have never had a  reading over 120/80!  no side effects for me and i feel great."""
158,"""""accident happened with me on sep 19. 3days after i finished my period.  i freaked out and took a pill within 10-12 hours ( first time in my life). i was fine. no side effects besides 5days later i started spotting. it's been already 11days of spotting. i went to the doctor to checked out and she told me everything fine. 
im so nervous why i still spotting. does anyone had same experience as i? 
11days?? stressed out. 
if anyone had please reply me.
many many thanks"""
159,"""i have lost 18lb but the side effects r:  severe groin pain - severe leg cramps- muscle spasms - blurred vision- chest pains- unable to sleep good- cannot walk right- shoulder bone aches - i thought it was due to age- but its not!  even though i have lost weight its not worth feeling the way i feel!  i'm not going to take this med any longer!  i have taken 2 other weight loss meds that did not work - this med worked but the side effects r horrible!  i would not recommend to anyone!"""
160,""". tried compounded synthethetic t4 and t3.(the synthetic drug minus all additives, dyes etc.-prepared by a compounding pharmacy and  the pure drug is put into a clear capsule)

then tried armour--much better

lastly tried wp thyroid. this is a fantastic thing.."""
161,"""-the mirena iud insertion was about an 8/10 on pain scale. after i left the procedure, i had zero pain that night and wasn't limited in any way. in the weeks following i had minor cramping. i had my period for about two straight months following insertion. 
-i had my mirena inserted in march, and it is now mid-july. i get my period at least once month, sometimes with heavy cramping on day 1.  
-my biggest word of caution is regarding weight gain. post insertion i've had a lot of issues maintaining my weight and i am truly consistent with what i eat. i've gained 10 pounds w/o changing my diet. it is very hard to the lose weight. i'm now 3 mo.  post insertion and my weight has suddenly levelled back out, with no changes to my diet. super weird."""
162,"""i began to have heavy periods when i was very young, it was a nightmare to manage at school, because i had to sit through classes for a whole hour and afterwards would have to carefully waddle to the bathroom to change my pad! the first medication the doctors gave was the pill, a year on that and i had gained 1.5 stone and the periods were still too heavy. i came off the pill, lost the weight and began to take tranexamic acid. i think i have been using it for around 4 years now. i take 2 tablets 3 times a day for the first 3/4 days of my period. the change in flow is dramatic and i really couldn't manage without them :)"""
163,"""i began to have heavy periods when i was very young, it was a nightmare to manage at school, because i had to sit through classes for a whole hour and afterwards would have to carefully waddle to the bathroom to change my pad! the first medication the doctors gave was the pill, a year on that and i had gained 1.5 stone and the periods were still too heavy. i came off the pill, lost the weight and began to take tranexamic acid. i think i have been using it for around 4 years now. i take 2 tablets 3 times a day for the first 3/4 days of my period. the change in flow is dramatic and i really couldn't manage without them :)"""
164,"""(preface by saying this is my first and hopefully last stone).

i had sudden and severe lower-abdomen pain on a monday, so i went to the emergency room.  i had a ct scan performed and the hospital discovered a 3.5mm obstruction in my ureter.  i was feeling fine by that evening when i was released.  they gave me a prescription for flomax but i received tamsulosin (the generic equivalent).  my urologist told me to continue with the tamsulosin and to filter all my urine.

i had no further pain until the weekend, saturday into sunday it was pretty bad, but i didn't pass anything.

come wednesday (8 days after starting tamsulosin), i had passed the stone with no pain.  don't listen to all the horror stories.  take the tamsulosin!"""
165,"""the good:

- improved motivation
- more stable moods, fewer deep lows
- improved self-confidence 
- decreased anxiety

the bad:

- (during the first few weeks) insomnia
- (during the first few weeks) drowsiness
- (transient) vivid bad dreams
- difficulty reaching orgasm
- forgetfulness
- emotional blunting"""
166,"""i  had   tried   this   product  in   2005.... and   it   was   not   effective.   so  i gave  it   another   chance   to   so   call   redeem  itself.   well,  this   is  definitely   not   for   me,  it   made   me   feel   worst,  i  developed a headache"""
167,"""i switched from microgestin fe 20, which was good, but my body got used to it and i started getting abnormal periods. 
switched to this, did not gain weight, so far it's been a smooth transition. the only thing that i do not like is that i get a lot of nausea while i'm on my period. i hope with time it'll go away. other than that it's a good form of bc."""
168,"""i began to have heavy periods when i was very young, it was a nightmare to manage at school, because i had to sit through classes for a whole hour and afterwards would have to carefully waddle to the bathroom to change my pad! the first medication the doctors gave was the pill, a year on that and i had gained 1.5 stone and the periods were still too heavy. i came off the pill, lost the weight and began to take tranexamic acid. i think i have been using it for around 4 years now. i take 2 tablets 3 times a day for the first 3/4 days of my period. the change in flow is dramatic and i really couldn't manage without them :)"""
169,"""i suffered severe side effects & seemingly withdrawal symptoms after only 9 days of use for pneumonia. 
main symptoms experienced:
hypertension 
headache 
nausea
abdominal discomfort 
rapid pounding heartbeat/pulse 
lethargy
mental confusion - trouble thinking, foggy brain 
bad taste in mouth 
general feeling of unwell - felt like i was being poisoned. 
day 1: 2x 25mg 
day 2-5: 1x25mg
day 6-9: 1/2 25mg"""
170,"""(15 years old, 103 lbs) i took this at 3pm yesterday morning. i was stupid and took three pills. at about 3:30 i was having horrific abdominal pain and cramping and bad nausea. (i never actually threw up but i felt like i was going to several times) at around 2 am i had to go. after that i went back to bed but for the rest of the night had to get up at least every fifteen minutes with explosive diarrhea. i woke up the next morning in extreme pain with worse nausea than the night before. i tried going to school and had to be picked up early because i couldn't even control my bowel movements. its now 10:16 a day after taking this laxative and my stomach is cramping and growling and i still feel nauseous. i do not recommend. if you take it, take only 1!"""
171,"""f 5'2
sw: 173.3lb oct 3, 
cw: 166.8lb oct 7 
gw: 150-145lb
i decided to take phentermine 37.5. after doing research i scheduled an appointment at a local weight loss clinic. after being evaluated i was given the okay to take it with a 1200 cal low carb daily meal plan. i was instructed to take half the pill for 4-7 days then 1 tab daily in the am on an empty stomach. i did 2 days half pill and 3rd day full tablet. i workout 2 days with a trainer and 4-5 days on my own a week. in 4 days down 7lbs!!!! wow right. amazing curbing of my appetite but because i'm working out daily still get all cal in daily.  i also drink 3-4 liters of water daily (a must). i plan on only taking for 30 days and working out 40-60 min daily. i'll update with final weight after 30d"""
172,"""i had it inserted in early may. 5 weeks after giving birth to twins by c-section but dilated a full 10cm. insertion wasn't painful at all. bleeding heavily for a week after it being put in, after that i've been spotting ever since. i have horrible cramps that feel like light labor pains. trying to give my body a chance to adjust to it & also looking at other options in case it needs to be removed!"""
173,"""""iffy"" sexual performance for last 6 months.  (53, married 30 years).  tried ""stendra"" with only marginal improvement and was getting a bit panicky! had doubts cialis would be any better. ""10"" is too low of a score.  nice to have the wife complain of some initial discomfort from ""too deep, too soon"", again, and having to back off. it ended well for all concerned (it was a sample from doctor, so not sure on future pricing)."""
174,"""propranolol is honestly one of the best things in the freakin universe. i’ve struggled tremendously with debilitating presentation/public speaking anxiety for the past 13 years of my life.  i’ve been prescribed xanax and lexapro to aide with my anxiety, but xanax made me so foggy to the point of stupidity and lexapro is a daily medication, while my anxiety is strictly situational. just take 30 mg an hour to an hour and a half before your presentation, or speech and you will kill it. reading short paragraphs out loud, or even introducing myself to a large group of people would be straight up impossible for me - but with propranolol, that’s all gone away. seriously. try it. you’ll be that person volunteering to present and read aloud :)"""
175,"""i have lost 18lb but the side effects r:  severe groin pain - severe leg cramps- muscle spasms - blurred vision- chest pains- unable to sleep good- cannot walk right- shoulder bone aches - i thought it was due to age- but its not!  even though i have lost weight its not worth feeling the way i feel!  i'm not going to take this med any longer!  i have taken 2 other weight loss meds that did not work - this med worked but the side effects r horrible!  i would not recommend to anyone!"""
176,"""pros
-completely clear skin after 4 months 
-during treatment my hair got much less greasy and barely needed washing. however this stopped after i finished my course

cons
-dry skin everywhere, although was manageable with a lot of moisturiser and lip balm
-eczema on arms, back of knees, and hands
-severe back pain lasting the whole duration of the course, couldn't be helped by physiotherapy
-(the worst side effect) irritable bowel syndrome. severe pain while passing stools (to the extent of crying), constipation and blood when i wiped. was severely debilitating and made me afraid of going to the loo for 4 months

summary 
- despite the awful side effects, i do not at all regret taking roaccutane even though i only had mild-moderate acne"""
177,"""""i have spondylolisthesis, l4/l5-s1, 2 bulging discs, and stenosis. after my 2nd fusion surgery i was prescribed gabapentin. i found i would forget what i was talking about in the middle of a sentence, and acute disorientation! i remember i had just finished paying for my groceries and the next thing i knew i woke up in the er! i guess i became very disoriented in the store. i was fine after ""waking"" & took a taxi back to the store. i had no clue what had happened! about a week later i was heading to physical therapy, blacked out and hit a tree, totalling my car. i suspected the gabapentin, as that was the only ""new med"" for me. i was told it was making me irritable and combative (still don't remember that). i quit taking it & problem gone!"""
178,"""pros
-completely clear skin after 4 months 
-during treatment my hair got much less greasy and barely needed washing. however this stopped after i finished my course

cons
-dry skin everywhere, although was manageable with a lot of moisturiser and lip balm
-eczema on arms, back of knees, and hands
-severe back pain lasting the whole duration of the course, couldn't be helped by physiotherapy
-(the worst side effect) irritable bowel syndrome. severe pain while passing stools (to the extent of crying), constipation and blood when i wiped. was severely debilitating and made me afraid of going to the loo for 4 months

summary 
- despite the awful side effects, i do not at all regret taking roaccutane even though i only had mild-moderate acne"""
179,"""(continued) so i went to my dr. asked to try the medication. i have to say, just because it works for someone you know doesnt mean it is gonna work for you. you lose wt or you lose money, either way, stay positive for your self and for those that had good experience.  i am on my 3 day. scared at 1st, cause i am taking other med for anxiety, depression and concentration. i have not had an issue with any side effects. i do make sure i drink water. i have to force myself to eat. training myself to put snacks in front of me. so, definitely curbs the appetite.  coming from a woman who is not afraid to eat. i had a problem eating. i would eat till i was miserable and bloated. so far not even close. hope to see good results. working out 40min/day"""
180,"""about 5 years ago my doctor prescribed amerge and i have used it ever since.  i have been a migraine sufferer for the past 15 years and this is the medication that works the best for me.  2 years ago my health insurance decided to no longer cover the medication and i had to try to find another.  it was awful.  i did not realize how much more effective amerge was than the other medicines.  i highly recommend this product."""
181,""". tried compounded synthethetic t4 and t3.(the synthetic drug minus all additives, dyes etc.-prepared by a compounding pharmacy and  the pure drug is put into a clear capsule)

then tried armour--much better

lastly tried wp thyroid. this is a fantastic thing.."""
182,"""it really helps me to get rid of my symptoms of adhd, which i suffer from alot. once i tried this drug i have been better since. i have been taking it for seven years."""
183,"""was working fine for l5 pain then one night after dinner i had bad pain i took 1in a half pills 10mg an hour later was experiencing terrible upper back pain above shoulders real bad stomach muscle pain and it was painful to swallow. """
184,"""39/ no kids. i have always had issues with taking bc, estrogen makes me a moody, bloated beast. i was diagnosed with endo 5 years ago. got iud w/ hormone, worked for 2 years and i've been bleeding now off and on for months.   

was just in to see my ob last week and he suggested  nora-be.  at first i was hesitant but he explained that the progesterone dosage is the same as iud and a fraction of the hormone compared to the progesterone pills. i've taken it for a week here and there to shrink cysts. so i said ok. 
took my first pill last night. today i was more calm and patient, no appetite at all. will post update in a few days."""
185,"""astelin is the only prescription antihistamine nasal spray approved to treat symptoms caused by both seasonal allergens and environmental irritants.


astelin provides relief from bothersome nasal symptoms such as congestion, itchy/runny nose, sneezing and postnasal drip due to seasonal allergens or environmental irritants.

astelin is steroid-free and does not contain pseudoephedrine."""
186,"""pros
-completely clear skin after 4 months 
-during treatment my hair got much less greasy and barely needed washing. however this stopped after i finished my course

cons
-dry skin everywhere, although was manageable with a lot of moisturiser and lip balm
-eczema on arms, back of knees, and hands
-severe back pain lasting the whole duration of the course, couldn't be helped by physiotherapy
-(the worst side effect) irritable bowel syndrome. severe pain while passing stools (to the extent of crying), constipation and blood when i wiped. was severely debilitating and made me afraid of going to the loo for 4 months

summary 
- despite the awful side effects, i do not at all regret taking roaccutane even though i only had mild-moderate acne"""
187,"""i am 61 years old, diagnosed high blood pressure when 18 years old.  i was 6'1""  when 18 and weighed 175, 29"" pant size with 44 coat size.  have taken drugs for over 40 years trying to keep blood pressure in the 150 over 100 range. (vasotec, lotril, and others).  started  azor (lowest dose available), 2 years ago and have never had a  reading over 120/80!  no side effects for me and i feel great."""
188,"""i was going through absolute hell. dark days was effecting my family life and work. the man inside of me said keep going, but i couldn't.

i pulled into the doctors office contemplating going up stairs to the office (anxiety). i felt weak asking for male advise from my male doc?

i told the doctor about my previous experiences on ssri's and how they made my mood worse. he prescribed me 50mg of zoloft and after 5-6 weeks, i was me again. it doesn't feel drug induced, it just kicks your bad thoughts completely. no ill side effects. but thats my story!"""
189,"""i suffered severe side effects & seemingly withdrawal symptoms after only 9 days of use for pneumonia. 
main symptoms experienced:
hypertension 
headache 
nausea
abdominal discomfort 
rapid pounding heartbeat/pulse 
lethargy
mental confusion - trouble thinking, foggy brain 
bad taste in mouth 
general feeling of unwell - felt like i was being poisoned. 
day 1: 2x 25mg 
day 2-5: 1x25mg
day 6-9: 1/2 25mg"""
190,"""i had surgery to repair a torn labrum in my left hip as well as severe damage to my cartilage. it was an incredibly painful surgery and was prescribed the 10/325 hydrocodone (norco) for my pain. one tablet every 4-6 hours the first 2 weeks post op helped incredibly with the pain. i was given another prescription for the same thing for my pt (lasting 4-6 months post op). i no longer took them regularly, only before/after pt which could be incredibly painful. 1-2 tablets did the job, providing incredible relief from pretty severe pain. only negative side effect i experienced was itching, particularly when i would take 2 tablets (20 mg). however, 2 tablets provided wonderful pain relief and also relaxed me mentally. thumbs up."""
191,"""i am 61 years old, diagnosed high blood pressure when 18 years old.  i was 6'1""  when 18 and weighed 175, 29"" pant size with 44 coat size.  have taken drugs for over 40 years trying to keep blood pressure in the 150 over 100 range. (vasotec, lotril, and others).  started  azor (lowest dose available), 2 years ago and have never had a  reading over 120/80!  no side effects for me and i feel great."""
192,"""the nexplanon is plain awful i'm on my third year a month from getting it taken out (i've been begging my doc to take it out for a year now and just got ok'ed) the first year of it my period was nuts either no period or month long period slight weight gain but nothing terrible second year mood swings like crazy weight gain and acne. third year has been the worst i have no acne constant mood swing severe depression despite my life going well can't stop gaining weight (130lb before 185lb now) bloating cramps are so bad i've had to miss work i have acne on my back and face and weird hair growth. i'm growing inch long black facial hairs on my chin and i'm a blonde who used to have like no body hair. this birth control has made me suicidal at time."""
193,"""i gave this drug a 4 because of what it did to me, and what they didn't mention at the time, also because what it did to a friend of mines daughter, as far as a seizure drug and mood stabilizer a perfect drug.  controls most seizure in people. but i was on this drug for over 10 years . no one said it could affect my bone density at the time.  at 29 i got diagnosed with osteoporosis. i am not happy. i have multiple back issues now and spinal fractures. they did not heal correctly and i am in constant pain. i have to be on at least 3000mg vitamin d3 for life.  my friend is older and her daughter was born with brain abnormalities"""
194,"""the good:

- improved motivation
- more stable moods, fewer deep lows
- improved self-confidence 
- decreased anxiety

the bad:

- (during the first few weeks) insomnia
- (during the first few weeks) drowsiness
- (transient) vivid bad dreams
- difficulty reaching orgasm
- forgetfulness
- emotional blunting"""
195,"""i took this for several years. i would occasionally switch to something else, but i always came back to it. while effective, it caused me to gain a lot of weight."""
196,"""i have been given vicodin for severe migraines, back pain, wisdom tooth removal and kidney infection with kidney stones. it never fails to make me feel nauseous, give me headaches, and make it incredibly difficult to function at times  but it did take away my pain. after my last er visit i asked for something other than vicodin, they gave me percocet and it works well with minimal side effects."""
197,""". tried compounded synthethetic t4 and t3.(the synthetic drug minus all additives, dyes etc.-prepared by a compounding pharmacy and  the pure drug is put into a clear capsule)

then tried armour--much better

lastly tried wp thyroid. this is a fantastic thing.."""
198,"""i was literally terrified to insert this on day one because of reviews saying that the pain was excruciating. just wondering if you guys had a severe infection and irritation down there or something when you used it cause i felt 0 pain or discomfort at all. and i had really worked myself up before inserting it cause i was so scared about the possible pain. monistat 3 worked wonderfully for me. hope this helped."""
199,"""""iffy"" sexual performance for last 6 months.  (53, married 30 years).  tried ""stendra"" with only marginal improvement and was getting a bit panicky! had doubts cialis would be any better. ""10"" is too low of a score.  nice to have the wife complain of some initial discomfort from ""too deep, too soon"", again, and having to back off. it ended well for all concerned (it was a sample from doctor, so not sure on future pricing)."""
